[{
	"firstName": "Derek",
	"lastName": "Puckett",
	"phone": "(954) 594-9355",
	"email": "derek.puckett@vulputate.net",
	"address": {
		"street": "P.O. Box 914, 9990 Dapibus St.",
		"city": "Quam",
		"state": "OH",
		"zip": "55154"
	},
	"_id": {
		"$oid": "51f06ded06a7baa417000001"
	}
},
{
	"firstName": "Bernard",
	"lastName": "Russell",
	"phone": "(203) 652-0465",
	"email": "bernard.russell@torquentper.com",
	"address": {
		"street": "324-6843 Dolor Ave",
		"city": "Quis",
		"state": "FL",
		"zip": "28034"
	},
	"_id": {
		"$oid": "51f06ded06a7baa417000002"
	}
},
{
	"firstName": "Jordan",
	"lastName": "Jimenez",
	"phone": "(265) 520-8354",
	"email": "jordan.jimenez@variusorciin.co.uk",
	"address": {
		"street": "Ap #370-9242 Sed, Ave",
		"city": "Lorem",
		"state": "OR",
		"zip": "88091"
	},
	"_id": {
		"$oid": "51f06ded06a7baa417000003"
	}
},
{
	"firstName": "Jordan",
	"lastName": "Holloway",
	"phone": "(761) 224-2078",
	"email": "jordan.holloway@felisullamcorper.edu",
	"address": {
		"street": "Ap #128-7062 Viverra. Road",
		"city": "Penatibus",
		"state": "PA",
		"zip": "82092"
	},
	"_id": {
		"$oid": "51f06ded06a7baa417000004"
	}
},
{
	"firstName": "Dorian",
	"lastName": "Hurley",
	"phone": "(691) 714-1449",
	"email": "dorian.hurley@ipsumprimis.org",
	"address": {
		"street": "3100 Nunc St.",
		"city": "Nam",
		"state": "IL",
		"zip": "57878"
	},
	"_id": {
		"$oid": "51f06ded06a7baa417000005"
	}
}]

