[{
	"_id": {
		"$oid": "51f06ded06a7baa417000065"
	},
	
	"customerId": {
		"$oid": "51f06ded06a7baa417000001"
	},
	"statusId": 2,
	"status": "delivered",
	"ordered": {
		"$date": "2017-03-12T17:30:00.000Z"
	},
	"phone": "(954) 594-9355",
	"delivered": {
		"$date": "2017-03-12T18:07:00.000Z"
	},
	"deliveryCharge": 0,
	"itemsTotal": 31.95,
	 shipping: {
     customer: "Peter P Peterson",
     address: "Longroad 1343",
     city: "Peterburg",
     region: "",
     state: "PE",
     country: "Peteonia",
     delivery_notes: "Leave at the gate",

     tracking: {
       company: "ups",
       tracking_number: "22122X211SD",
       status: "ontruck",
       estimated_delivery: new ISODate("2017-03-12T18:07:00.000Z")
     },
   },

   payment: {
     method: "visa",
     transaction_id: "2312213312XXXTD"
   }
	"items": [
		{
			"productId": 3,
			"name": "Holy Smokes",
			"type": "pizza",
			"sizeId": 3,
			"size": "Large 14\"",
			"qty": 1,
			"unitPrice": 20.95,
			"totalPrice": 26.05,
			"options": [
				{
					"optionId": 41,
					"name": "Pepperoni",
					"qty": 1,
					"price": 1.7
				},
				{
					"optionId": 13,
					"name": "Feta",
					"qty": 1,
					"price": 1.7
				},
				{
					"optionId": 42,
					"name": "Italian Sausage",
					"qty": 1,
					"price": 1.7
				},
				{
					"optionId": 54,
					"name": "Cilantro",
					"qty": 1,
					"price": 0
				}
			]
		},
		{
			"productId": 22,
			"name": "Caesar Salad",
			"type": "salad",
			"sizeId": 7,
			"size": "Side",
			"qty": 1,
			"unitPrice": 3.95,
			"totalPrice": 3.95,
			"options": [
				{
					"optionId": 58,
					"name": "No Dressing",
					"qty": 1,
					"price": 0
				}
			]
		},
		{
			"productId": 31,
			"name": "Cola",
			"type": "drink",
			"sizeId": 11,
			"size": "20 oz",
			"qty": 1,
			"unitPrice": 1.95,
			"totalPrice": 1.95
		}
	]
}]

