[{
	"_id": 1,
	"type": "pizza",
	"name": "Plain Cheese",
	"description": "Your basic plain cheese pizza with no toppings.\nIncludes tomato sauce, mozzarella, oregano and a sprinkling of cheddar",
	"image": "plaincheese.jpg",
	"hasOptions": false,
	"isPremium": false,
	"isVegetarian": true,
	"withTomatoSauce": true,
	"sizeIds": null
},
{
	"_id": 2,
	"type": "pizza",
	"name": "Make Your Own",
	"description": "Make your own\nIncludes tomato sauce, mozzarella, oregano and a sprinkling of cheddar",
	"image": "makeyourown.jpg",
	"hasOptions": true,
	"isPremium": false,
	"isVegetarian": true,
	"withTomatoSauce": true,
	"sizeIds": null
},
{
	"_id": 3,
	"type": "pizza",
	"name": "Holy Smokes",
	"description": "Swiss, fontina, gorgonzola, mozzarella, roasted walnuts and fresh sage",
	"image": "holysmokes.jpg",
	"hasOptions": true,
	"isPremium": true,
	"isVegetarian": true,
	"withTomatoSauce": false,
	"sizeIds": null
},
{
	"_id": 4,
	"type": "pizza",
	"name": "Taj Mahal",
	"description": "Chicken marinated in spicy Tandoori sauce, green pepper, red onion, cilantro and mozzarella",
	"image": "tajmahal.jpg",
	"hasOptions": true,
	"isPremium": true,
	"isVegetarian": false,
	"withTomatoSauce": true,
	"sizeIds": null
},
{
	"_id": 5,
	"type": "pizza",
	"name": "Pestolante",
	"description": "Homemade pesto sauce, vine ripe tomatoes, feta, fresh basil, oregano and mozzarella",
	"image": "pestolante.jpg",
	"hasOptions": true,
	"isPremium": true,
	"isVegetarian": true,
	"withTomatoSauce": true,
	"sizeIds": null
},
{
	"_id": 6,
	"type": "pizza",
	"name": "Italian Stallion",
	"description": "Italian sausage, roasted red peppers, caramelized onions, parmesan, tomato sauce and mozzarella",
	"image": "italianstallion.jpg",
	"hasOptions": true,
	"isPremium": true,
	"isVegetarian": false,
	"withTomatoSauce": true,
	"sizeIds": null
},
{
	"_id": 7,
	"type": "pizza",
	"name": "Tom Terrific",
	"description": "Vine ripe tomatoes, garlic, fresh basil, mozzarella and cheddar",
	"image": "tomterrific.jpg",
	"hasOptions": true,
	"isPremium": true,
	"isVegetarian": true,
	"withTomatoSauce": false,
	"sizeIds": null
},
{
	"_id": 8,
	"type": "pizza",
	"name": "No Cheese",
	"description": "Fresh mushrooms, caramelized onions, broccoli, vine ripe tomatoes, roasted red peppers, fresh basil, oregano and tomato sauce",
	"image": "nocheese.jpg",
	"hasOptions": true,
	"isPremium": true,
	"isVegetarian": true,
	"withTomatoSauce": true,
	"sizeIds": null
},
{
	"_id": 9,
	"type": "pizza",
	"name": "Shanghai",
	"description": "Shredded pork marinated in a spicy hoisin style sauce, mozzarella, peanuts, green onions, jalapeños, carrots and fresh cilantro",
	"image": "shanghai.jpg",
	"hasOptions": true,
	"isPremium": true,
	"isVegetarian": false,
	"withTomatoSauce": true,
	"sizeIds": null
},
{
	"_id": 10,
	"type": "pizza",
	"name": "Lisbon",
	"description": "Portuguese linguica, smoked bacon, pepperoncini, roasted red peppers, tomato sauce, mozzarella, and fresh cilantro",
	"image": "lisbon.jpg",
	"hasOptions": true,
	"isPremium": true,
	"isVegetarian": false,
	"withTomatoSauce": true,
	"sizeIds": null
},
{
	"_id": 11,
	"type": "pizza",
	"name": "Jerusalem",
	"description": "Homemade hummus, vine ripe tomatoes, black olives, caramelized onions, feta, fresh basil, pepperoncini and mozzarella",
	"image": "jerusalem.jpg",
	"hasOptions": true,
	"isPremium": true,
	"isVegetarian": true,
	"withTomatoSauce": true,
	"sizeIds": null
},
{
	"_id": 12,
	"type": "pizza",
	"name": "Greco Irish",
	"description": "Homemade pesto sauce, roasted potatoes, caramelized onions, feta, fresh basil, oregano and mozzarella",
	"image": "grecoirish.jpg",
	"hasOptions": true,
	"isPremium": true,
	"isVegetarian": true,
	"withTomatoSauce": true,
	"sizeIds": null
},
{
	"_id": 13,
	"type": "pizza",
	"name": "Amadeus",
	"description": "Italian sausage, pepperoni, fresh mushrooms, red onions, tomato sauce, mozzarella and cheddar",
	"image": "amadeus.jpg",
	"hasOptions": true,
	"isPremium": true,
	"isVegetarian": false,
	"withTomatoSauce": true,
	"sizeIds": null
},
{
	"_id": 14,
	"type": "pizza",
	"name": "Mama Mia",
	"description": "Italian sausage, pepperoni, salami, beef meatball, tomato sauce, mozzarella and cheddar",
	"image": "mamamia.jpg",
	"hasOptions": true,
	"isPremium": true,
	"isVegetarian": false,
	"withTomatoSauce": true,
	"sizeIds": null
},
{
	"_id": 15,
	"type": "pizza",
	"name": "Hula Pie",
	"description": "Hawaiian pineapple, Canadian bacon, Mandarin oranges, tomato sauce, mozzarella and cheddar",
	"image": "hulapie.jpg",
	"hasOptions": true,
	"isPremium": true,
	"isVegetarian": false,
	"withTomatoSauce": true,
	"sizeIds": null
},
{
	"_id": 16,
	"type": "pizza",
	"name": "Little Venus",
	"description": "Spinach, artichoke hearts, sun-dried tomatoes, feta, garlic, fresh basil, oregano and mozzarella",
	"image": "littlevenus.jpg",
	"hasOptions": true,
	"isPremium": true,
	"isVegetarian": false,
	"withTomatoSauce": false,
	"sizeIds": null
},
{
	"_id": 17,
	"type": "pizza",
	"name": "Garden Gallop",
	"description": "Fresh mushrooms, green peppers, red onions, artichoke hearts, broccoli, vine ripe tomatoes, fresh basil, tomato sauce, mozzarella and cheddar",
	"image": "gardengallop.jpg",
	"hasOptions": true,
	"isPremium": true,
	"isVegetarian": false,
	"withTomatoSauce": true,
	"sizeIds": null
},
{
	"_id": 18,
	"type": "pizza",
	"name": "South of the Border",
	"description": "Grilled chicken, black beans and salsa, black olives, red onions, vine ripe tomatoes, jalapeños, fresh cilantro and cheddar",
	"image": "southoftheborder.jpg",
	"hasOptions": true,
	"isPremium": true,
	"isVegetarian": false,
	"withTomatoSauce": true,
	"sizeIds": null
},
{
	"_id": 19,
	"type": "pizza",
	"name": "Asian Chicken",
	"description": "Chicken marinated in a spicy ginger peanut sauce, peanuts, green onions, Swiss, fontina, fresh cilantro and mozzarella",
	"image": "asianchicken.jpg",
	"hasOptions": true,
	"isPremium": true,
	"isVegetarian": false,
	"withTomatoSauce": true,
	"sizeIds": null
},
{
	"_id": 20,
	"type": "pizza",
	"name": "Chicken Coolness",
	"description": "Chicken marinated in a tangy ranch sauce, broccoli, red onions, Swiss, fontina, gorgonzola, mozzarella and fresh sage",
	"image": "chickencoolness.jpg",
	"hasOptions": true,
	"isPremium": true,
	"isVegetarian": false,
	"withTomatoSauce": true,
	"sizeIds": null
},
{
	"_id": 21,
	"type": "pizza",
	"name": "Pork BBQ",
	"description": "Shredded pork marinated in a sweet BBQ sauce, red onions, fresh cilantro, cheddar and mozzarella",
	"image": "porkbbq.jpg",
	"hasOptions": true,
	"isPremium": true,
	"isVegetarian": false,
	"withTomatoSauce": true,
	"sizeIds": null
},
{
	"_id": 22,
	"type": "salad",
	"name": "Caesar Salad",
	"description": "Crisp Romaine, parmesan and croutons",
	"image": "caesarsalad.jpg",
	"hasOptions": true,
	"isPremium": false,
	"isVegetarian": false,
	"withTomatoSauce": false,
	"sizeIds": [
		7,
		8
	]
},
{
	"_id": 23,
	"type": "salad",
	"name": "Chicken Caesar Salad",
	"description": "Traditional Caesar with your choice of grilled or BBQ chicken",
	"image": "chickencaesarsalad.jpg",
	"hasOptions": true,
	"isPremium": false,
	"isVegetarian": false,
	"withTomatoSauce": false,
	"sizeIds": [
		9
	]
},
{
	"_id": 24,
	"type": "salad",
	"name": "Spinach Salad",
	"description": "Spinach, fresh mushrooms, caramelized onions, vine ripe tomatoes, artichoke hearts and candied walnuts.",
	"image": "spinachsalad.jpg",
	"hasOptions": true,
	"isPremium": false,
	"isVegetarian": false,
	"withTomatoSauce": false,
	"sizeIds": [
		7,
		8
	]
},
{
	"_id": 25,
	"type": "salad",
	"name": "Garden Salad",
	"description": "Red leaf lettuce, black olives, fresh mushrooms, green peppers, red onions, artichoke hearts, vine ripe tomatoes and mozzarella",
	"image": "gardensalad.jpg",
	"hasOptions": true,
	"isPremium": false,
	"isVegetarian": false,
	"withTomatoSauce": false,
	"sizeIds": [
		7,
		8
	]
},
{
	"_id": 26,
	"type": "salad",
	"name": "Greek Salad",
	"description": "Red leaf lettuce, red onions, feta, olives and pepperoncinis",
	"image": "greeksalad.jpg",
	"hasOptions": true,
	"isPremium": false,
	"isVegetarian": false,
	"withTomatoSauce": false,
	"sizeIds": [
		7,
		8
	]
},
{
	"_id": 27,
	"type": "salad",
	"name": "Chef Salad",
	"description": "Crisp Romaine, spiced ham, turkey, salami, gorgonzola, green onions, vine ripe tomatoes and roasted red peppers",
	"image": "chefsalad.jpg",
	"hasOptions": true,
	"isPremium": false,
	"isVegetarian": false,
	"withTomatoSauce": false,
	"sizeIds": [
		9
	]
},
{
	"_id": 28,
	"type": "salad",
	"name": "Thai Chicken Salad",
	"description": "Crisp Romaine, green onions, Mandarin oranges, carrots, crispy noodles and chicken marinated in a spicy ginger peanut sauce",
	"image": "thaichickensalad.jpg",
	"hasOptions": true,
	"isPremium": false,
	"isVegetarian": false,
	"withTomatoSauce": false,
	"sizeIds": [
		9
	]
},
{
	"_id": 29,
	"type": "salad",
	"name": "Farmer Salad",
	"description": "Crisp Romaine, smoked bacon, grilled chicken, vine ripe tomatoes and gorgonzola",
	"image": "farmersalad.jpg",
	"hasOptions": true,
	"isPremium": false,
	"isVegetarian": false,
	"withTomatoSauce": false,
	"sizeIds": [
		9
	]
},
{
	"_id": 30,
	"type": "salad",
	"name": "Big Country Salad",
	"description": "Spinach, smoked bacon, feta, candied walnuts, caramelized onions and vine ripe tomatoes",
	"image": "bigcountrysalad.jpg",
	"hasOptions": true,
	"isPremium": false,
	"isVegetarian": false,
	"withTomatoSauce": false,
	"sizeIds": [
		9
	]
},
{
	"_id": 31,
	"type": "drink",
	"name": "Cola",
	"description": "Cola",
	"image": "cola.jpg",
	"hasOptions": false,
	"isPremium": false,
	"isVegetarian": false,
	"withTomatoSauce": false,
	"sizeIds": [
		10,
		11,
		12
	]
},
{
	"_id": 32,
	"type": "drink",
	"name": "Diet Cola",
	"description": "Diet Cola",
	"image": "dietcola.jpg",
	"hasOptions": false,
	"isPremium": false,
	"isVegetarian": false,
	"withTomatoSauce": false,
	"sizeIds": [
		10,
		11,
		12
	]
},
{
	"_id": 33,
	"type": "drink",
	"name": "Root Beer",
	"description": "Root Beer",
	"image": "rootbeer.jpg",
	"hasOptions": false,
	"isPremium": false,
	"isVegetarian": false,
	"withTomatoSauce": false,
	"sizeIds": [
		10,
		11,
		12
	]
},
{
	"_id": 34,
	"type": "drink",
	"name": "Cascade Fog",
	"description": "Cascade Fog",
	"image": "cascadefog.jpg",
	"hasOptions": false,
	"isPremium": false,
	"isVegetarian": false,
	"withTomatoSauce": false,
	"sizeIds": [
		10,
		11,
		12
	]
},
{
	"_id": 35,
	"type": "drink",
	"name": "Dr. Popper",
	"description": "Dr. Popper",
	"image": "dr.popper.jpg",
	"hasOptions": false,
	"isPremium": false,
	"isVegetarian": false,
	"withTomatoSauce": false,
	"sizeIds": [
		10,
		11,
		12
	]
},
{
	"_id": 36,
	"type": "drink",
	"name": "Lemon Spruce",
	"description": "Lemon Spruce",
	"image": "lemonspruce.jpg",
	"hasOptions": false,
	"isPremium": false,
	"isVegetarian": false,
	"withTomatoSauce": false,
	"sizeIds": [
		10
	]
},
{
	"_id": 37,
	"type": "drink",
	"name": "Green Tea",
	"description": "Green Tea",
	"image": "greentea.jpg",
	"hasOptions": false,
	"isPremium": false,
	"isVegetarian": false,
	"withTomatoSauce": false,
	"sizeIds": [
		13
	]
},
{
	"_id": 38,
	"type": "drink",
	"name": "Orange Juice",
	"description": "Orange Juice",
	"image": "orangejuice.jpg",
	"hasOptions": false,
	"isPremium": false,
	"isVegetarian": false,
	"withTomatoSauce": false,
	"sizeIds": [
		14
	]
},
{
	"_id": 39,
	"type": "drink",
	"name": "Apple Juice",
	"description": "Apple Juice",
	"image": "applejuice.jpg",
	"hasOptions": false,
	"isPremium": false,
	"isVegetarian": false,
	"withTomatoSauce": false,
	"sizeIds": [
		14
	]
},
{
	"_id": 40,
	"type": "drink",
	"name": "Energade",
	"description": "Energade",
	"image": "energade.jpg",
	"hasOptions": false,
	"isPremium": false,
	"isVegetarian": false,
	"withTomatoSauce": false,
	"sizeIds": [
		15
	]
},
{
	"_id": 41,
	"type": "drink",
	"name": "Aqua H2O",
	"description": "Aqua H2O",
	"image": "aquah2o.jpg",
	"hasOptions": false,
	"isPremium": false,
	"isVegetarian": false,
	"withTomatoSauce": false,
	"sizeIds": [
		14
	]
}]

