[{
	"_id": 1,
	"type": "crust",
	"name": "Classic Crust",
	"factor": 0,
	"productTypes": [
		"pizza"
	]
},
{
	"_id": 2,
	"type": "crust",
	"name": "Wheat Crust",
	"factor": 0,
	"productTypes": [
		"pizza"
	]
},
{
	"_id": 3,
	"type": "crust",
	"name": "Gluten-free Crust",
	"factor": 0,
	"productTypes": [
		"pizza"
	]
},
{
	"_id": 4,
	"type": "sauce",
	"name": "Tomato",
	"factor": 0,
	"productTypes": [
		"pizza"
	]
},
{
	"_id": 5,
	"type": "sauce",
	"name": "Pesto*",
	"factor": 2,
	"productTypes": [
		"pizza"
	]
},
{
	"_id": 6,
	"type": "sauce",
	"name": "Salsa",
	"factor": 1,
	"productTypes": [
		"pizza"
	]
},
{
	"_id": 7,
	"type": "sauce",
	"name": "Texas BBQ",
	"factor": 1,
	"productTypes": [
		"pizza"
	]
},
{
	"_id": 8,
	"type": "sauce",
	"name": "Hummus",
	"factor": 1,
	"productTypes": [
		"pizza"
	]
},
{
	"_id": 9,
	"type": "sauce",
	"name": "Hoisin",
	"factor": 1,
	"productTypes": [
		"pizza"
	]
},
{
	"_id": 10,
	"type": "sauce",
	"name": "Ranch",
	"factor": 1,
	"productTypes": [
		"pizza"
	]
},
{
	"_id": 11,
	"type": "sauce",
	"name": "Vegemite",
	"factor": 1,
	"productTypes": [
		"pizza"
	]
},
{
	"_id": 12,
	"type": "sauce",
	"name": "Tandoori",
	"factor": 1,
	"productTypes": [
		"pizza"
	]
},
{
	"_id": 13,
	"type": "cheese",
	"name": "Feta",
	"factor": 1,
	"productTypes": [
		"pizza",
		"salad"
	]
},
{
	"_id": 14,
	"type": "cheese",
	"name": "Fontina \u0026 Swiss",
	"factor": 1,
	"productTypes": [
		"pizza",
		"salad"
	]
},
{
	"_id": 15,
	"type": "cheese",
	"name": "Soy",
	"factor": 1,
	"productTypes": [
		"pizza",
		"salad"
	]
},
{
	"_id": 16,
	"type": "cheese",
	"name": "Cheddar",
	"factor": 1,
	"productTypes": [
		"pizza",
		"salad"
	]
},
{
	"_id": 17,
	"type": "cheese",
	"name": "Ricotta",
	"factor": 1,
	"productTypes": [
		"pizza",
		"salad"
	]
},
{
	"_id": 18,
	"type": "cheese",
	"name": "Gorgonzola",
	"factor": 1,
	"productTypes": [
		"pizza",
		"salad"
	]
},
{
	"_id": 19,
	"type": "cheese",
	"name": "Mozzarella",
	"factor": 1,
	"productTypes": [
		"pizza",
		"salad"
	]
},
{
	"_id": 20,
	"type": "veggie",
	"name": "Black Olives",
	"factor": 1,
	"productTypes": [
		"pizza",
		"salad"
	]
},
{
	"_id": 21,
	"type": "veggie",
	"name": "Broccoli",
	"factor": 1,
	"productTypes": [
		"pizza",
		"salad"
	]
},
{
	"_id": 22,
	"type": "veggie",
	"name": "Jalapenos",
	"factor": 1,
	"productTypes": [
		"pizza",
		"salad"
	]
},
{
	"_id": 23,
	"type": "veggie",
	"name": "Fresh Mushrooms",
	"factor": 1,
	"productTypes": [
		"pizza",
		"salad"
	]
},
{
	"_id": 24,
	"type": "veggie",
	"name": "Red Onions",
	"factor": 1,
	"productTypes": [
		"pizza",
		"salad"
	]
},
{
	"_id": 25,
	"type": "veggie",
	"name": "Artichoke Heart",
	"factor": 1,
	"productTypes": [
		"pizza",
		"salad"
	]
},
{
	"_id": 26,
	"type": "veggie",
	"name": "Green Onions",
	"factor": 1,
	"productTypes": [
		"pizza",
		"salad"
	]
},
{
	"_id": 27,
	"type": "veggie",
	"name": "Spinach",
	"factor": 1,
	"productTypes": [
		"pizza",
		"salad"
	]
},
{
	"_id": 28,
	"type": "veggie",
	"name": "Sun-Dried Tomatoes",
	"factor": 1,
	"productTypes": [
		"pizza",
		"salad"
	]
},
{
	"_id": 29,
	"type": "veggie",
	"name": "Vine Ripe Tomatoes",
	"factor": 1,
	"productTypes": [
		"pizza",
		"salad"
	]
},
{
	"_id": 30,
	"type": "veggie",
	"name": "Green Peppers",
	"factor": 1,
	"productTypes": [
		"pizza",
		"salad"
	]
},
{
	"_id": 31,
	"type": "veggie",
	"name": "Roasted Red Peppers",
	"factor": 1,
	"productTypes": [
		"pizza",
		"salad"
	]
},
{
	"_id": 32,
	"type": "veggie",
	"name": "Roasted Potatoes",
	"factor": 1,
	"productTypes": [
		"pizza",
		"salad"
	]
},
{
	"_id": 33,
	"type": "veggie",
	"name": "Hawaiian Pineapple",
	"factor": 1,
	"productTypes": [
		"pizza",
		"salad"
	]
},
{
	"_id": 34,
	"type": "veggie",
	"name": "Mandarin Oranges",
	"factor": 1,
	"productTypes": [
		"pizza",
		"salad"
	]
},
{
	"_id": 35,
	"type": "veggie",
	"name": "Walnuts",
	"factor": 1,
	"productTypes": [
		"pizza",
		"salad"
	]
},
{
	"_id": 36,
	"type": "veggie",
	"name": "Candied Walnuts",
	"factor": 1,
	"productTypes": [
		"pizza",
		"salad"
	]
},
{
	"_id": 37,
	"type": "veggie",
	"name": "Peanuts",
	"factor": 1,
	"productTypes": [
		"pizza",
		"salad"
	]
},
{
	"_id": 38,
	"type": "veggie",
	"name": "Pepperoncini",
	"factor": 1,
	"productTypes": [
		"pizza",
		"salad"
	]
},
{
	"_id": 39,
	"type": "veggie",
	"name": "Caramelized Onions",
	"factor": 1,
	"productTypes": [
		"pizza",
		"salad"
	]
},
{
	"_id": 40,
	"type": "veggie",
	"name": "Carrots",
	"factor": 1,
	"productTypes": [
		"pizza",
		"salad"
	]
},
{
	"_id": 41,
	"type": "meat",
	"name": "Pepperoni",
	"factor": 1,
	"productTypes": [
		"pizza",
		"salad"
	]
},
{
	"_id": 42,
	"type": "meat",
	"name": "Italian Sausage",
	"factor": 1,
	"productTypes": [
		"pizza",
		"salad"
	]
},
{
	"_id": 43,
	"type": "meat",
	"name": "Salami",
	"factor": 1,
	"productTypes": [
		"pizza",
		"salad"
	]
},
{
	"_id": 44,
	"type": "meat",
	"name": "Smoked Bacon",
	"factor": 1,
	"productTypes": [
		"pizza",
		"salad"
	]
},
{
	"_id": 45,
	"type": "meat",
	"name": "Canadian Bacon",
	"factor": 1,
	"productTypes": [
		"pizza",
		"salad"
	]
},
{
	"_id": 46,
	"type": "meat",
	"name": "BBQ Chicken*",
	"factor": 2,
	"productTypes": [
		"pizza",
		"salad"
	]
},
{
	"_id": 47,
	"type": "meat",
	"name": "Thai Chicken*",
	"factor": 2,
	"productTypes": [
		"pizza",
		"salad"
	]
},
{
	"_id": 48,
	"type": "meat",
	"name": "Grilled Chicken*",
	"factor": 2,
	"productTypes": [
		"pizza",
		"salad"
	]
},
{
	"_id": 49,
	"type": "meat",
	"name": "Beef Meatball",
	"factor": 1,
	"productTypes": [
		"pizza",
		"salad"
	]
},
{
	"_id": 50,
	"type": "meat",
	"name": "Shredded BBQ Pork*",
	"factor": 2,
	"productTypes": [
		"pizza",
		"salad"
	]
},
{
	"_id": 51,
	"type": "meat",
	"name": "Anchovies",
	"factor": 1,
	"productTypes": [
		"pizza",
		"salad"
	]
},
{
	"_id": 52,
	"type": "meat",
	"name": "Linguica",
	"factor": 1,
	"productTypes": [
		"pizza",
		"salad"
	]
},
{
	"_id": 53,
	"type": "spice",
	"name": "Basil",
	"factor": 0,
	"productTypes": [
		"pizza",
		"salad"
	]
},
{
	"_id": 54,
	"type": "spice",
	"name": "Cilantro",
	"factor": 0,
	"productTypes": [
		"pizza",
		"salad"
	]
},
{
	"_id": 55,
	"type": "spice",
	"name": "Garlic",
	"factor": 0,
	"productTypes": [
		"pizza",
		"salad"
	]
},
{
	"_id": 56,
	"type": "spice",
	"name": "Sage",
	"factor": 0,
	"productTypes": [
		"pizza",
		"salad"
	]
},
{
	"_id": 57,
	"type": "spice",
	"name": "Oregano",
	"factor": 0,
	"productTypes": [
		"pizza"
	]
},
{
	"_id": 58,
	"type": "saladDressing",
	"name": "No Dressing",
	"factor": 0,
	"productTypes": [
		"salad"
	]
},
{
	"_id": 59,
	"type": "saladDressing",
	"name": "Vinaigrette",
	"factor": 1,
	"productTypes": [
		"salad"
	]
},
{
	"_id": 60,
	"type": "saladDressing",
	"name": "Ranch",
	"factor": 1,
	"productTypes": [
		"salad"
	]
},
{
	"_id": 61,
	"type": "saladDressing",
	"name": "Caesar",
	"factor": 1,
	"productTypes": [
		"salad"
	]
},
{
	"_id": 62,
	"type": "saladDressing",
	"name": "Red Pepper Italian",
	"factor": 1,
	"productTypes": [
		"salad"
	]
},
{
	"_id": 63,
	"type": "saladDressing",
	"name": "Bleu Cheese",
	"factor": 1,
	"productTypes": [
		"salad"
	]
},
{
	"_id": 64,
	"type": "saladDressing",
	"name": "Sesame Oriental",
	"factor": 1,
	"productTypes": [
		"salad"
	]
}]

